id,category,name,rarity,value,size,boundary,堆叠数量
"0001","收藏品","古代能源核心","红",15846000,"1x1","本品质最高；全类别最高",1
"0002","收藏品","熔金古币箱","红",7418625,"2x2","",1
"0003","收藏品","密封圣遗物","红",2943000,"1x1","",1
"0004","收藏品","失落王冠","红",1284000,"2x2","",1
"0005","收藏品","帝王签名手稿","红",1276348,"1x2","本品质最低",1
"0006","收藏品","鎏金雕像","金",348625,"2x3","本品质最高",1
"0007","收藏品","珍藏油画","金",312846,"2x3","",1
"0008","收藏品","青铜兽首","金",214000,"2x2","",1
"0009","收藏品","祖母绿胸针","金",132814,"1x1","",1
"0010","收藏品","金质怀表","金",81427,"1x1","本品质最低",1
"0011","收藏品","珐琅座钟","紫",49384,"2x2","本品质最高",1
"0012","收藏品","翡翠手镯","紫",42657,"1x1","",1
"0013","收藏品","手摇留声机","紫",31119,"2x2","",1
"0014","收藏品","骨雕棋子组","紫",18742,"2x1","",1
"0015","收藏品","限量纪念册","紫",11286,"1x2","本品质最低",1
"0016","收藏品","镀银餐具套","蓝",19863,"2x2","本品质最高",1
"0017","收藏品","琉璃烟斗","蓝",13478,"1x2","",1
"0018","收藏品","旧胶片相机","蓝",8642,"2x1","",1
"0019","收藏品","黑胶唱片","蓝",4917,"1x1","",1
"0020","收藏品","铜质怀表","蓝",2734,"1x1","本品质最低；本类别最低",1
"0021","情报文件","限量画册","金",132486,"2x1","本品质最高",1
"0022","情报文件","手写诗稿","金",81639,"1x1","本品质最低",1
"0023","情报文件","珍藏信件集","紫",49761,"2x2","本品质最高",1
"0024","情报文件","家庭相册原件","紫",46827,"1x1","",1
"0025","情报文件","私人日记原稿","紫",43712,"1x2","",1
"0026","情报文件","遗嘱原件","紫",36528,"1x1","",1
"0027","情报文件","家庭食谱本","紫",27936,"1x2","",1
"0028","情报文件","手写日记本","紫",11418,"1x2","本品质最低",1
"0029","情报文件","信件档案袋","蓝",19547,"2x1","本品质最高",1
"0030","情报文件","长卷家书原件","蓝",10267,"1x4","",1
"0031","情报文件","折叠旅行地图","蓝",8519,"3x1","",1
"0032","情报文件","家庭相册","蓝",2831,"1x1","本品质最低",1
"0033","情报文件","旧报纸剪报","白",148,"1x1","本品质最高",1
"0034","情报文件","私人通讯录","白",74,"1x2","",1
"0035","情报文件","个人便签簿","白",21,"1x1","本品质最低",1
"0036","电子设备","原型量子芯片","红",1284736,"1x1","本品质最低；本品质最高",1
"0037","电子设备","专用测量模块","金",244681,"2x2","本品质最高",1
"0038","电子设备","高端无人机","金",214572,"2x2","",1
"0039","电子设备","加密存储器","金",86314,"1x1","本品质最低",1
"0040","电子设备","热成像仪","紫",49827,"1x1","本品质最高",1
"0041","电子设备","游戏主机","紫",41583,"2x1","",1
"0042","电子设备","固态硬盘","紫",36427,"1x1","",1
"0043","电子设备","平板电脑","紫",32764,"2x1","",1
"0044","电子设备","专业相机镜头","紫",28936,"1x2","",1
"0045","电子设备","旧式笔记本电脑","紫",25418,"2x2","本品质最低",1
"0046","电子设备","车载记录仪","蓝",24753,"1x1","本品质最高",1
"0047","电子设备","移动硬盘","蓝",16287,"1x1","",1
"0048","电子设备","高速存储卡","蓝",11934,"1x1","",1
"0049","电子设备","手持对讲机","蓝",8681,"1x1","",1
"0050","电子设备","旧充电宝","蓝",5147,"1x1","",1
"0051","电子设备","充电数据线","蓝",3012,"1x2","本品质最低",1
"0052","电子设备","二手计算器","白",368,"1x1","本品质最高",1
"0053","电子设备","碎屏手机","白",173,"1x1","",1
"0054","电子设备","旧遥控器","白",56,"1x1","",1
"0055","电子设备","损坏耳机","白",18,"1x1","本品质最低",1
"0056","工具","紧凑焊接设备","金",234718,"2x2","本品质最高",1
"0057","工具","气动扳手","金",128643,"2x1","",1
"0058","工具","激光测距仪","金",84219,"1x1","本品质最低",1
"0059","工具","精密工具组","紫",49487,"2x2","本品质最高",1
"0060","工具","热切割工具","紫",47632,"2x1","",1
"0061","工具","扭力扳手","紫",35918,"1x2","",1
"0062","工具","角磨机","紫",28742,"2x1","",1
"0063","工具","无线电钻","紫",21384,"2x1","本品质最低",1
"0064","工具","便携工具箱","蓝",24193,"2x2","本品质最高",1
"0065","工具","压力表","蓝",17248,"1x1","",1
"0066","工具","棘轮扳手组","蓝",13876,"2x1","",1
"0067","工具","手锯","蓝",9614,"1x2","",1
"0068","工具","电烙铁","蓝",7482,"1x1","",1
"0069","工具","手动电钻","蓝",4897,"1x1","",1
"0070","工具","活动扳手","蓝",3114,"1x2","本品质最低",1
"0071","工具","砂纸套装","白",275,"1x1","本品质最高",1
"0072","工具","破损卷尺","白",146,"1x1","",1
"0073","工具","钝口剪钳","白",89,"1x1","",1
"0074","工具","磨损扳手","白",44,"1x2","",1
"0075","工具","生锈螺丝刀","白",16,"1x1","本品质最低",1
"0076","医疗用品","实验性细胞治疗剂","红",1284718,"1x1","本品质最低；本品质最高",1
"0077","医疗用品","便携超声仪","金",241683,"2x2","本品质最高",1
"0078","医疗用品","手术激光器","金",126843,"1x2","",1
"0079","医疗用品","稀有抗毒血清","金",86427,"1x1","本品质最低",1
"0080","医疗用品","诊断试剂盒","紫",49718,"2x2","本品质最高",1
"0081","医疗用品","缝合工具组","紫",45287,"1x1","",1
"0082","医疗用品","除颤器","紫",39618,"2x1","",1
"0083","医疗用品","电子血压仪","紫",27842,"1x1","",1
"0084","医疗用品","便携氧气瓶","紫",21684,"2x2","本品质最低",1
"0085","医疗用品","血糖仪","蓝",23761,"1x1","本品质最高",1
"0086","医疗用品","输液套装","蓝",17486,"1x2","",1
"0087","医疗用品","急救包","蓝",12947,"1x2","",1
"0088","医疗用品","消毒喷雾","蓝",7842,"1x1","",1
"0089","医疗用品","创伤敷料","蓝",5184,"1x1","",1
"0090","医疗用品","止痛药片","蓝",3087,"1x1","本品质最低",1
"0091","医疗用品","口服补液盐","白",291,"1x1","本品质最高",1
"0092","医疗用品","一次性注射器","白",156,"1x1","",1
"0093","医疗用品","酒精棉片","白",82,"1x1","",1
"0094","医疗用品","普通绷带","白",37,"1x1","",1
"0095","医疗用品","医用纱布","白",14,"1x1","本品质最低",1
"0096","食品","大桶饮用水","白",736,"2x2","本品质最高",1
"0097","食品","密封谷物袋","白",607,"1x2","",1
"0098","食品","食用油瓶","白",523,"1x1","",1
"0099","食品","家庭装矿泉水","白",480,"2x1","",1
"0100","食品","旅行口粮","白",420,"1x1","",1
"0101","食品","即食肉干","白",367,"1x1","",1
"0102","食品","冷藏便当","白",315,"1x2","",1
"0103","食品","自热米饭","白",286,"1x1","",1
"0104","食品","罐装浓汤","白",247,"1x1","",1
"0105","食品","大瓶装水","白",215,"1x2","",1
"0106","食品","饮用水袋","白",176,"1x1","",1
"0107","食品","速溶咖啡","白",148,"1x1","",1
"0108","食品","肉类罐头","白",121,"1x1","",1
"0109","食品","果汁盒","白",97,"1x1","",1
"0110","食品","袋装面包","白",83,"1x1","",1
"0111","食品","能量棒","白",67,"1x1","",1
"0112","食品","罐装汽水","白",48,"1x1","",1
"0113","食品","方便面","白",34,"1x1","",1
"0114","食品","压缩饼干","白",21,"1x1","",1
"0115","食品","瓶装水","白",13,"1x1","本品质最低",1
"0116","生活用品","高端旅行包","金",221678,"2x2","本品质最高",1
"0117","生活用品","奢侈皮包","金",112684,"1x2","本品质最低",1
"0118","生活用品","高端保温杯","紫",48917,"1x2","本品质最高",1
"0119","生活用品","旅行行李箱","紫",42618,"2x2","",1
"0120","生活用品","羽绒外套","紫",35382,"2x2","",1
"0121","生活用品","品牌手提包","紫",28734,"2x2","",1
"0122","生活用品","高档睡袋","紫",21467,"1x3","本品质最低",1
"0123","生活用品","防风外套","蓝",23719,"2x2","本品质最高",1
"0124","生活用品","皮质腰带","蓝",16841,"1x2","",1
"0125","生活用品","旅行枕","蓝",12486,"1x2","",1
"0126","生活用品","小型背包","蓝",10372,"2x2","",1
"0127","生活用品","折叠雨伞","蓝",7286,"1x2","",1
"0128","生活用品","手电筒","蓝",4914,"1x1","",1
"0129","生活用品","保温杯","蓝",3128,"1x2","本品质最低",1
"0130","生活用品","旧T恤","白",187,"1x2","本品质最高",1
"0131","生活用品","洗衣皂","白",126,"1x1","",1
"0132","生活用品","手巾","白",78,"1x2","",1
"0133","生活用品","牙刷","白",45,"1x1","",1
"0134","生活用品","塑料梳子","白",26,"1x1","",1
"0135","生活用品","卷纸","白",13,"1x1","本品质最低",1
"0136","物料","通用零件","蓝",16937,"1x1","本品质最高",1
"0137","物料","金属板","蓝",11246,"2x1","",1
"0138","物料","塑料板","蓝",7284,"2x1","",1
"0139","物料","铜线束","蓝",4896,"1x2","",1
"0140","物料","金属碎料","蓝",3018,"1x1","本品质最低",1
"0141","物料","基础布料","白",157,"1x2","本品质最高",1
"0142","物料","废塑料","白",83,"1x1","",1
"0143","物料","碎石","白",46,"1x1","",1
"0144","物料","木料","白",29,"1x2","",1
"0145","物料","废旧纸板","白",13,"1x1","本品质最低",1
